{"cameraMode":{"drawMode":0,"name":"Shaded","section":"Shading Mode"},"sceneLighting":true,"audioPlay":false,"sceneViewState":{"m_AlwaysRefresh":false,"showFog":true,"showSkybox":true,"showFlares":true,"showImageEffects":true,"showParticleSystems":true,"showVisualEffectGraphs":true,"m_FxEnabled":true},"in2DMode":false,"pivot":{"x":1.4629671573638917,"y":9.406505584716797,"z":1.3117563724517823},"rotation":{"x":-0.008144424296915532,"y":-0.7466303110122681,"z":0.6652317047119141,"w":-0.009163212962448597},"size":0.03436775505542755,"orthographic":false}